exam_id;code;question;selections;example;exam_id
1542;1;㉠ ～ ㉣의 말하기 방식을 설명한 내용으로 가장 적절한 것은?;① ㉠: 상대의 의견에 대해 공감을 표현하고 있다. ② ㉡: 정중한 표현을 사용하여 직접 질문하고 있다. ③ ㉢: 자신의 반대 의사를 우회적으로 드러내고 있다. ④ ㉣: 의문문을 통해 상대의 의견을 반박하고 있다.;../fake-data/blob/9급지방직/korean/2023.6.10-example/01.txt;
1542;2;(가) ～ (다)를 맥락에 따라 가장 자연스럽게 배열한 것은?;① (나) － (가) － (다) ② (나) － (다) － (가) ③ (다) － (가) － (나) ④ (다) － (나) － (가);../fake-data/blob/9급지방직/korean/2023.6.10-example/02.txt;
1542;3;㉠ ～ ㉣을 설명한 내용으로 적절하지 않은 것은?;① ㉠: 동작의 주체를 나타내는 주어이다. ② ㉡: 주어와 목적어를 요구하는 서술어이다. ③ ㉢: 서술어를 꾸며주는 부사어이다. ④ ㉣: 문장의 다른 성분과 직접적으로 관련을 맺지 않는 독립어이다.;../fake-data/blob/9급지방직/korean/2023.6.10-example/03.txt;
1542;4;㉠ ～ ㉣과 바꿔 쓸 수 있는 유사한 표현으로 적절하지 않은 것은?;① ㉠: 무분별하게 따르는 ② ㉡: 벗어나 ③ ㉢: 끌어올리기 ④ ㉣: 헤엄치는;../fake-data/blob/9급지방직/korean/2023.6.10-example/04.txt;
1542;5;(가)와 (나)를 이해한 내용으로 적절하지 않은 것은?;① (가)는 ‘청산’과 ‘녹수’의 대조를 활용하여 화자가 처한 상황을 제시하고 있다. ② (나)는 시각적 심상과 청각적 심상을 활용하여 주제를 강조하고 있다. ③ (가)와 (나) 모두 대구를 활용하여 시상을 전개하고 있다. ④ (가)와 (나) 모두 설의적 표현을 활용하여 화자의 정서를 드러내고 있다.;../fake-data/blob/9급지방직/korean/2023.6.10-example/05.txt;
1542;6;다음 글의 중심내용으로 가장 적절한 것은?;① 사용가치보다 교환가치가 큰 상품을 구매해야 한다. ② 상품을 구매할 때 사용가치와 교환가치를 두루 고려해야 한다.③ 상품에 대한 다른 사람들의 평가를 반영해서 상품을 구매해야 한다. ④ 상품을 구매할 때 사용가치가 자신의 필요에 의해 결정된 것인지 신중하게 따져야 한다.;../fake-data/blob/9급지방직/korean/2023.6.10-example/06.txt;
1542;7;㉠～㉣ 중 어색한 곳을 찾아 수정하는 방안으로 가장 적절한 것은?;① ㉠: ‘학문적인 관점에서보다 종교적인 관점에서’로 수정한다. ② ㉡: ‘주장하였는데’로 수정한다. ③ ㉢: ‘유일한 대안이었다’로 수정한다. ④ ㉣: ‘지양했다’로 수정한다.;../fake-data/blob/9급지방직/korean/2023.6.10-example/07.txt;
1542;8;다음 글의 맥락을 고려할 때 빈칸에 들어갈 말로 가장 적절한 것은?;① 계획하기 과정이 글쓰기 전체 과정의 첫 단계이기 ② 글에 어려운 개념이나 전문용어를 어느 정도 포함해야 하기 ③ 필자의 메시지를 독자에게 효과적으로 전달하는 데 도움이 되기 ④ 독자의 배경지식 수준을 고려해야 글의 목적과 주제가 결정되기;../fake-data/blob/9급지방직/korean/2023.6.10-example/01.txt;
1542;9;다음 시를 이해한 내용으로 적절하지 않은 것은?;① 대상들을 호명하며 안타까운 심정을 표현하고 있다. ② ‘빈집’은 상실감으로 공허해진 내면을 상징하고 있다. ③ 영탄형 어조를 활용해 이별에 따른 정서를 부각하고 있다. ④ 글 쓰는 행위를 통해 잃어버린 사랑의 회복을 열망하고 있다.;../fake-data/blob/9급지방직/korean/2023.6.10-example/09.txt;
1542;10;다음 글을 이해한 내용으로 가장 적절한 것은?;① 서술자가 등장인물의 심리를 전지적 위치에서 전달하고 있다. ② 서술자가 등장인물이 되어 다른 등장인물의 행동을 진술하고 있다.③ 서술자가 주인공으로서 유년 시절을 회상하며 갈등 원인을 해명하고 있다. ④ 서술자가 주관을 배제하고 외부 관찰자의 시선으로 사건을 이야기하고 있다.;../fake-data/blob/9급지방직/korean/2023.6.10-example/10.txt;
1542;11;다음 대화를 분석한 내용으로 적절하지 않은 것은?;① 은지는 첫 번째 발언에서 화제를 제시하고 있다. ② 운용은 은지의 주장에 반대하고 있다. ③ 은지는 두 번째 발언에서 자신의 주장에 대한 근거를 제시하고 있다. ④ 재윤은 은지가 제시한 주장의 근거를 부정하고 있다.;../fake-data/blob/9급지방직/korean/2023.6.10-example/11.txt;
1542;12;㉠ ∼ ㉣에 들어갈 단어로 적절하지 않은 것은?;① ㉠: 구가(謳歌) ② ㉡: 매수(買受) ③ ㉢: 알력(軋轢) ④ ㉣: 편달(鞭撻);../fake-data/blob/9급지방직/korean/2023.6.10-example/12.txt;
1542;13;밑줄 친 단어의 쓰임이 올바르지 않은 것은?;① 이 일은 정말 힘에 부치는 일이다. ② 그와 나는 전부터 알음이 있던 사이였다. ③ 대문 앞에 서 있는데 대문이 저절로 닫혔다. ④ 경기장에는 걷잡아서 천 명이 넘게 온 듯하다.;../fake-data/blob/9급지방직/korean/2023.6.10-example/13.txt;
1542;14;.㉠ ～ ㉢의 한자 표기로 올바른 것은?;① 長官 補償 決裁 ② 將官 報償 決裁 ③ 長官 報償 決濟 ④ 將官 補償 決濟;../fake-data/blob/9급지방직/korean/2023.6.10-example/14.txt;
1542;15;다음 글에서 추론한 내용으로 적절하지 않은 것은?;① 우리는 고립된 상태에서 ‘단수’로 살아가는 존재가 아니다. ② 우리는 다원성을 지닌 존재로서 포용적으로 공존해야 한다. ③ 개인의 유일무이성을 보존하려는 제도는 개인의 보편적 복수성을 침해한다. ④ 개인의 특수한 단수성을 제거하려는 시도는 사회의 다원성을 파괴하는 결과로 이어질 수 있다.;../fake-data/blob/9급지방직/korean/2023.6.10-example/15.txt;
1542;16;다음 글을 이해한 내용으로 적절하지 않은 것은?;① 동일한 글자를 반복함으로써 리듬감을 조성하고 있다. ② 숫자를 활용하여 주인공이 처한 상황을 제시하고 있다. ③ 등장인물 간의 대화를 통해 주인공의 내적 갈등이 해결되고 있다.④ 유교적 가치를 담고 있는 말을 활용하여 주인공의 의지를 드러내고 있다.;../fake-data/blob/9급지방직/korean/2023.6.10-example/16.txt;
1542;17;다음 글을 이해한 내용으로 적절하지 않은 것은?;① 전기수는 글을 모르는 사람들에게 소설을 구연하였다. ② 차람은 알고 지내던 사람에게 대가를 지불하고 책을 빌려 보는 방식이다. ③ 문헌에 의한 유통은 구연에 의한 유통에 비해 시간과 공간의 제약이 적었다. ④ 조선 후기에 세책가가 성행한 원인은 소설을 구매하는 비용보다 세책가에서 빌리는 비용이 적다는 데 있다.;../fake-data/blob/9급지방직/korean/2023.6.10-example/17.txt;
1542;18;다음 글을 이해한 내용으로 가장 적절한 것은?;① 삼국사기 열전에 고구려인과 백제인도 수록되었다는 점은 이 책이 신라 정통론을 계승하지 않았다는 것을 보여준다. ② 삼국사기 열전에 수록된 반신 중에는 이 책에 대한 기존 평가를 다르게 할 수 있는 사례가 있다. ③ 삼국사기 열전에는 기릴 만한 업적이 있더라도 관직에 오르지 못한 사람은 수록되지 않았다. ④ 삼국사기의 체제 중에서 열전이 가장 많은 권수를 차지한다.;../fake-data/blob/9급지방직/korean/2023.6.10-example/18.txt;
1542;19;다음 글에서 추론한 내용으로 적절하지 않은 것은?;① 최초의 IQ 검사는 학습 능력이 우수한 아이를 고르기 위해 시행되었다. ② IQ 검사가 만들어지기 전에는 인간의 지능을 수치로 비교할 수 없었다. ③ IQ가 높은 아이라도 전체 지능은 높지 않을 수 있다. ④ IQ가 높은 아이가 읽기 능력이 좋을 확률이 높다.;../fake-data/blob/9급지방직/korean/2023.6.10-example/19.txt;
1542;20;다음 글에서 추론한 내용으로 적절하지 않은 것은?;① 한문은 한국어 문장보다 문장성분이 복잡하다. ② ‘淨水’가 문맥상 ‘깨끗하게 한 물’일 때 ‘淨’은 ‘水’를 수식한다. ③ ‘愛人’에서 ‘愛’의 문장성분이 바뀌더라도 ‘愛’는 동음이의어가 아니다. ④ ‘의사’만으로는 ‘병을 고치는 사람’인지 ‘의로운 지사’인지 구별할 수 없다.;../fake-data/blob/9급지방직/korean/2023.6.10-example/20.txt;
1543;1;언어 예절로 가장 적절한 것은?;① 지금부터 회장님의 말씀이 계시겠습니다. ② (시누이에게) 고모, 오늘 참 예쁘게 차려 입으셨네요? ③ (처음 자신을 소개하면서) 처음 뵙겠습니다. 박혜정입니다. ④ (다른 사람에게 자기 아내를 가리키며) 이쪽은 제 부인입니다.;../fake-data/blob/9급지방직/korean/2022.6.18-example/01.txt;
1543;2;다음 글의 주된 서술 방식은?;① 묘사 ② 설명 ③ 유추 ④ 분석;../fake-data/blob/9급지방직/korean/2022.6.18-example/02.txt;
1543;3;다음 글에 대한 이해로 적절하지 않은 것은?;① 무대연출의 창작적인 표현의 도용 여부를 밝히기는 쉽지 않다. ② 저작권 침해를 당했다고 주장하려면 유효한 저작권을 소유하고 있어야 한다. ③ 독보적인 무대연출 작업에 저작권을 부여한다고 해서 후발 창작에 방해가 되지는 않는다. ④ 저작권법의 목표는 창작자의 창작을 장려하고 일반 공중의 저작물 이용을 원활하게 하는 것이다;../fake-data/blob/9급지방직/korean/2022.6.18-example/03.txt;
1543;4;㉠ ～ ㉣의 고쳐 쓰기로 적절하지 않은 것은?;① ㉠을 ‘없을’로 고친다. ② ㉡을 ‘소수’로 고친다. ③ ㉢을 ‘익명성’으로 고친다. ④ ㉣을 ‘누구나가’로 고친다.;../fake-data/blob/9급지방직/korean/2022.6.18-example/04.txt;
1543;5;㉠ ～ ㉣에 대한 이해로 가장 적절한 것은?;① ㉠은 시적 화자와 상반되는 처지에 놓여 있다. ② ㉡은 시적 화자에게 놓인 방랑길을 비유한다. ③ ㉢은 시적 화자의 이국 지향 의식을 강조한다. ④ ㉣은 시적 화자가 지닌 분노의 정서를 대변한다.;../fake-data/blob/9급지방직/korean/2022.6.18-example/05.txt;
1543;6;다음 글에 대한 감상으로 적절하지 않은 것은?;① 정 씨는 영달이 백화와 함께 떠날 것을 권유했군. ② 백화는 영달의 선택이 어떤 것일지 몰라 불안했군. ③ 영달은 백화를 신뢰할 수 없었기 때문에 같이 떠나지 않았군. ④ 백화가 자신의 본명을 말한 것은 정 씨와 영달에 대한 고마움의 표현이었군.;../fake-data/blob/9급지방직/korean/2022.6.18-example/06.txt;
1543;7;다음 글의 전개 순서로 가장 자연스러운 것은?;① (가) － (나) － (다) － (라) ② (가) － (라) － (나) － (다) ③ (나) － (가) － (라) － (다) ④ (나) － (라) － (다) － (가);../fake-data/blob/9급지방직/korean/2022.6.18-example/07.txt;
1543;8;다음 대화에 대한 설명으로 가장 적절한 것은?;① A는 B에게 내용 요약 방식을 제안하고 있다. ② A와 B는 대화 중에 공감의 표지를 드러내며 상대방의 말을 듣고 있다. ③ B는 회의 내용 요약 방식에 대한 A의 문제 제기에 대해 자신이 다른 입장임을 드러내고 있다. ④ A는 개조식 요약 방식이 회의 내용을 과도하게 생략하여 이해에 어려움을 줄 수 있다고 명시하고 있다.;../fake-data/blob/9급지방직/korean/2022.6.18-example/08.txt;
1543;9;다음 글에 대한 이해로 적절하지 않은 것은?;① A시에 있는 학교의 만 19세 미만 재학생은 청소년 의회 교실에 참여할 수 있는 대상이다. ② A시의 시의회 의장은 청소년 의회 교실의 민주 시민 소양과 관련된 교육 내용을 결정할 수 있다. ③ A시에서 시행된 청소년 의회 교실에서 시의회 의장은 본회의장 시설을 사용하도록 지원해 주었다. ④ A시의 올해 청소년 의회 교실은 의원 선서, 조례안 상정, 자유 발언, 찬반 토론, 전자 투표의 순서로 진행되었다.;../fake-data/blob/9급지방직/korean/2022.6.18-example/09.txt;
1543;10;단어에 대한 설명으로 적절하지 않은 것은?;① 가난: 한자어 ‘간난’에서 ‘ㄴ’이 탈락하면서 된 말이다. ② 어리다: ‘어리석다’는 뜻에서 ‘나이가 적다’는 뜻으로 바뀐 말이다.③ 수탉: ‘ㅎ’을 종성으로 갖고 있던 ‘숳’에 ‘’이 합쳐져 이루어진 말이다. ④ 점잖다: ‘의젓함’을 나타내는 ‘점잖이’에 ‘하다’가 붙어 형성된 말이다.;../fake-data/blob/9급지방직/korean/2022.6.18-example/10.txt;
1543;11;다음 글의 주제로 가장 적절한 것은?;① 혐오 현상에는 인과관계가 존재하지 않는다. ② 혐오 현상은 선량한 마음으로 바라보아야 한다. ③ 혐오 현상을 만들어 내는 근본 원인을 찾아야 한다. ④ 혐오라는 감정에 집중할수록 사회문제는 잘 보인다.;../fake-data/blob/9급지방직/korean/2022.6.18-example/11.txt;
1543;12;㉠ ～ ㉣에 대한 이해로 적절하지 않은 것은?;① ㉠: 시간적 흐름에 따른 시상 전개를 매개하고 있다. ② ㉡: 시적 화자의 초연한 태도를 드러내고 있다. ③ ㉢: 자연에 대비되는 쇠락한 인간사를 암시하고 있다. ④ ㉣: 꽃잎을 흔드는 부정적 이미지로 기능하고 있다.;../fake-data/blob/9급지방직/korean/2022.6.18-example/12.txt;
1543;13;밑줄 친 단어 중 사람의 몸을 지시하는 말이 포함되지 않은 것은?;① 선생님께서는 슬하에 세 명의 자녀를 두셨다고 한다. ② 그는 수완이 좋아서 사람들에게 인정을 받는다. ③ 여러 팀이 우승을 위해 긴 시간 동안 각축을 벌였다. ④ 사업단의 발족으로 미뤄 뒀던 일들이 진행되기 시작했다.;../fake-data/blob/9급지방직/korean/2022.6.18-example/13.txt;
1543;14;㉠과 ㉡에 대한 설명으로 가장 적절한 것은?;① ㉠과 ㉡은 모두 상대에 비해 우월한 지위를 가지고 있다. ② ㉠이 상대의 행동을 비판하는 반면, ㉡은 옹호하고 있다. ③ ㉠이 갈등 상황을 타개하는 데 적극적인 반면, ㉡은 소극적이다.④ ㉠이 주변으로부터 호의적인 반응을 얻은 반면, ㉡은 적대적인 반응을 얻는다.;../fake-data/blob/9급지방직/korean/2022.6.18-example/14.txt;
1543;15;밑줄 친 말의 쓰임이 올바른 것은?;① 습관처럼 중요한 말을 되뇌이는 버릇이 있다. ② 나는 친구 집을 찾아 골목을 헤매이고 다녔다. ③ 너무 급하게 밥을 먹으면 목이 메이기 마련이다. ④ 그는 어린 시절 기계에 손가락이 끼이는 사고를 당했다.;../fake-data/blob/9급지방직/korean/2022.6.18-example/15.txt;
1543;16;밑줄 친 부분의 한자 표기가 옳지 않은 것은?;① 우리 시대 영웅으로 소방관(消防官)이 있다. ② 과학자(科學者)는 청소년들이 선망하는 직업이다. ③ 그는 인공지능 연구소의 연구원(硏究員)이 되었다. ④ 그는 법원의 명령에 따라 변호사(辯護事)로 선임되었다.;../fake-data/blob/9급지방직/korean/2022.6.18-example/16.txt;
1543;17;다음 글에 대한 이해로 적절하지 않은 것은?;① 전염병의 창궐은 르네상스의 발생을 설명하는 다양한 요인 가운데 하나이다. ② 페스트로 인한 선인과 악인의 무차별적인 죽음은 교회가 유지하던 막강한 권위를 약화시켰다. ③ 예술가들이 인체의 아름다움을 재발견함으로써 고대의 학문과 언어에 대한 재평가도 이루어졌다. ④ 르네상스 시기에 해부학은 의사들보다도 미술가들의 관심을 끌었다.;../fake-data/blob/9급지방직/korean/2022.6.18-example/17.txt;
1543;18;밑줄 친 부분에 어울리는 한자 성어로 가장 적절한 것은?;① 巧言令色 ② 寸鐵殺人 ③ 言行一致 ④ 街談巷說;../fake-data/blob/9급지방직/korean/2022.6.18-example/18.txt;
1543;19;다음 글에서 추론한 내용으로 가장 적절한 것은?;① 논리실증주의자들에 따르면 무의미한 문장을 사용하는 것은 과학이 아니다. ② 논리실증주의자들에 따르면 과학의 문장들만이 유의미하다.③ 검증 원리에 따르면 아직까지 경험되지 않은 것을 언급한 문장은 무의미하다. ④ 검증 원리에 따르면 거짓인 문장은 무의미하다.;../fake-data/blob/9급지방직/korean/2022.6.18-example/19.txt;
1543;20;다음 글에서 추론할 수 있는 것만을 <보기>에서 모두 고르면?;① ㄱ, ㄴ ② ㄱ, ㄷ ③ ㄴ, ㄷ ④ ㄱ, ㄴ, ㄷ;../fake-data/blob/9급지방직/korean/2022.6.18-example/20.txt;
1521;1;밑줄 친 부분의 의미와 가장 가까운 것을 고르시오.;① required ② following ③ advanced ④ supplementary;../fake-data/blob/9급지방직/english/2023.6.10-example/01.txt
1521;2;밑줄 친 부분의 의미와 가장 가까운 것을 고르시오.;① charity ② humility ③ boldness ④ politeness;../fake-data/blob/9급지방직/english/2023.6.10-example/02.txt
1521;3;밑줄 친 부분의 의미와 가장 가까운 것을 고르시오.;① raised ② advised ③ observed ④ controlled;../fake-data/blob/9급지방직/english/2023.6.10-example/03.txt
1521;4;밑줄 친 부분의 의미와 가장 가까운 것을 고르시오.;① abolished ② consented ③ criticized ④ justified;../fake-data/blob/9급지방직/english/2023.6.10-example/04.txt
1521;5;밑줄 친 부분에 들어갈 말로 가장 적절한 것은?;① deception ② flexibility ③ competition ④ transparency;../fake-data/blob/9급지방직/english/2023.6.10-example/05.txt
1521;6;밑줄 친 부분 중 어법상 옳지 않은 것은?;;../fake-data/blob/9급지방직/english/2023.6.10-example/06.txt
1521;7;밑줄 친 부분이 어법상 옳지 않은 것은?;① I <u>should have gone</u> this morning, but I was feeling a bit ill. ② These days we do not save as much money <u>as we used to</u>. ③ The rescue squad was happy to discover <u>an alive man</u>. ④ The picture <u>was looked at</u> carefully by the art critic.;../fake-data/blob/9급지방직/english/2023.6.10-example/07.txt
1521;8;우리말을 영어로 잘못 옮긴 것은?;① 우리는 그의 연설에 감동하게 되었다. → We were made touching with his speech. ② 비용은 차치하고 그 계획은 훌륭한 것이었다. → Apart from its cost, the plan was a good one. ③ 그들은 뜨거운 차를 마시는 동안에 일몰을 보았다. → They watched the sunset while drinking hot tea. ④ 과거 경력 덕분에 그는 그 프로젝트에 적합하였다. → His past experience made him suited for the project.;../fake-data/blob/9급지방직/english/2023.6.10-example/01.txt
1521;9;밑줄 친 부분에 들어갈 말로 가장 적절한 것을 고르시오.;① We have no idea how to handle this situation. ② Would you mind telling us who is in charge? ③ Yes. I could use some help around here. ④ Sure. Can I help you with anything?;../fake-data/blob/9급지방직/english/2023.6.10-example/09.txt
1521;10;밑줄 친 부분에 들어갈 말로 가장 적절한 것을 고르시오.;① Don’t worry. This machine is working fine. ② That’s right. Everyone likes to work with you. ③ I’m sorry. I promise I’ll be more careful from now on. ④ Too bad. You must be tired because you get off work too late.;../fake-data/blob/9급지방직/english/2023.6.10-example/10.txt
1521;11;두 사람의 대화 중 자연스럽지 않은 것은?;① A: How would you like your hair done? B: I’m a little tired of my hair color. I’d like to dye it. ② A: What can we do to slow down global warming? B: First of all, we can use more public transportation. ③ A: Anna, is that you? Long time no see! How long has it been? B: It took me about an hour and a half by car. ④ A: I’m worried about Paul. He looks unhappy. What should I do? B: If I were you, I’d wait until he talks about his troubles.;../fake-data/blob/9급지방직/english/2023.6.10-example/11.txt
1521;12;다음 글의 제목으로 가장 적절한 것은?;① Lonely People ② Sociable Brains ③ Need for Mental Health Survey ④ Dangers of Human Connectivity;../fake-data/blob/9급지방직/english/2023.6.10-example/12.txt
1521;13;다음 글의 주제로 가장 적절한 것은?;① advantages some people have over others ② importance of constant efforts to cultivate talents ③ difficulties shy people have in social interactions ④ need to understand one’s own strengths and weaknesses;../fake-data/blob/9급지방직/english/2023.6.10-example/13.txt
1521;14;다음 글의 요지로 가장 적절한 것은?;① Viruses demonstrate self-sufficiency of biological beings. ② Biologists should do everything to keep plants virus-free. ③ The principle of symbiosis cannot be applied to infected plants.④ Viruses sometimes do their hosts good, rather than harming them.;../fake-data/blob/9급지방직/english/2023.6.10-example/14.txt
1521;15;다음 글의 내용과 일치하지 않는 것은?;① 사탕단풍나무에서는 매년 봄에 수액이 생긴다. ② 사탕단풍나무의 수액을 얻기 위해 나무껍질에 틈새를 만든다. ③ 단풍나무시럽 1갤론을 만들려면 수액 40갤론이 필요하다. ④ 단풍나무시럽을 만들기 위해 기계로 수액 통을 수거한다.;../fake-data/blob/9급지방직/english/2023.6.10-example/15.txt
1521;16;다음 글의 흐름상 어색한 문장은?;;../fake-data/blob/9급지방직/english/2023.6.10-example/16.txt
1521;17;주어진 글 다음에 이어질 글의 순서로 가장 적절한 것은?;① (A) － (B) － (C) ② (B) － (A) － (C) ③ (B) － (C) － (A) ④ (C) － (A) － (B);../fake-data/blob/9급지방직/english/2023.6.10-example/17.txt
1521;18;주어진 문장이 들어갈 위치로 가장 적절한 것은?;;../fake-data/blob/9급지방직/english/2023.6.10-example/18.txt
1521;19;밑줄 친 부분에 들어갈 말로 가장 적절한 것을 고르시오.;① Paradoxically ② Fortunately ③ Neutrally ④ Creatively;../fake-data/blob/9급지방직/english/2023.6.10-example/19.txt
1521;20;밑줄 친 부분에 들어갈 말로 가장 적절한 것을 고르시오.;① setting several goals at once ② immersing yourself in incoming information ③ minimizing the number of in-boxes you have ④ choosing information you are passionate about;../fake-data/blob/9급지방직/english/2023.6.10-example/20.txt
1522;1;밑줄 친 부분의 의미와 가장 가까운 것을 고르시오.;① strong ② adaptable ③ honest ④ passionate;../fake-data/blob/9급지방직/english/2022.6.18-example/01.txt
1522;2;밑줄 친 부분의 의미와 가장 가까운 것을 고르시오.;① change ② decline ③ expand ④ include;../fake-data/blob/9급지방직/english/2022.6.18-example/02.txt
1522;3;밑줄 친 부분의 의미와 가장 가까운 것을 고르시오.;① in danger of ② in spite of ③ in favor of ④ in terms of;../fake-data/blob/9급지방직/english/2022.6.18-example/03.txt
1522;4;밑줄 친 부분에 들어갈 말로 가장 적절한 것은?;① turn into ② start over ③ put up with ④ run out of;../fake-data/blob/9급지방직/english/2022.6.18-example/04.txt
1522;5;어법상 옳지 않은 것을 고르시오.;① He asked me why I kept coming back day after day. ② Toys children wanted all year long has recently discarded. ③ She is someone who is always ready to lend a helping hand. ④ Insects are often attracted by scents that aren’t obvious to us.;../fake-data/blob/9급지방직/english/2022.6.18-example/05.txt
1522;6;어법상 옳지 않은 것을 고르시오.;① You can write on both sides of the paper. ② My home offers me a feeling of security, warm, and love. ③ The number of car accidents is on the rise. ④ Had I realized what you were intending to do, I would have stopped you.;../fake-data/blob/9급지방직/english/2022.6.18-example/06.txt
1522;7;우리말을 영어로 잘못 옮긴 것을 고르시오.;① 나는 단 한 푼의 돈도 낭비할 수 없다. → I can afford to waste even one cent. ② 그녀의 얼굴에서 미소가 곧 사라졌다. → The smile soon faded from her face. ③ 그녀는 사임하는 것 외에는 대안이 없었다. → She had no alternative but to resign. ④ 나는 5년 후에 내 사업을 시작할 작정이다. → I’m aiming to start my own business in five years.;../fake-data/blob/9급지방직/english/2022.6.18-example/07.txt
1522;8;우리말을 영어로 잘못 옮긴 것을 고르시오.;① 식사를 마치자마자 나는 다시 배고프기 시작했다. → No sooner I have finishing the meal than I started feeling hungry again. ② 그녀는 조만간 요금을 내야만 할 것이다. → She will have to pay the bill sooner or later. ③ 독서와 정신의 관계는 운동과 신체의 관계와 같다. → Reading is to the mind what exercise is to the body. ④ 그는 대학에서 의학을 공부했으나 결국 회계 회사에서 일하게 되었다. → He studied medicine at university but ended up working for an accounting firm.;../fake-data/blob/9급지방직/english/2022.6.18-example/08.txt
1522;9;두 사람의 대화 중 가장 어색한 것은?;① A: I like this newspaper because it’s not opinionated. B: That’s why it has the largest circulation. ② A: Do you have a good reason for being all dressed up?B: Yeah, I have an important job interview today. ③ A: I can hit the ball straight during the practice but not during the game. B: That happens to me all the time, too. ④ A: Is there any particular subject you want to paint on canvas? B: I didn’t do good in history when I was in high school.;../fake-data/blob/9급지방직/english/2022.6.18-example/09.txt
1522;10;밑줄 친 부분에 들어갈 말로 가장 적절한 것은?;① There’s no sense in beating yourself up over this ② I never thought I would see you here ③ Actually, we were very disappointed ④ I can’t thank you enough for helping me with it;../fake-data/blob/9급지방직/english/2022.6.18-example/10.txt
1522;11;주어진 글 다음에 이어질 글의 순서로 가장 적절한 것은;① (A) － (B) － (C) ② (A) － (C) － (B) ③ (B) － (A) － (C) ④ (C) － (A) － (B);../fake-data/blob/9급지방직/english/2022.6.18-example/11.txt
1522;12;주어진 문장이 들어갈 위치로 가장 적절한 곳은?;;../fake-data/blob/9급지방직/english/2022.6.18-example/12.txt
1522;13;다음 글의 제목으로 가장 적절한 것은?;① How to Create More Options in Life ② How to Enhance Daily Physical Performance ③ Multitasking is the Answer for Better Efficiency ④ Do One Thing at a Time for Greater Efficiency;../fake-data/blob/9급지방직/english/2022.6.18-example/13.txt
1522;14;글의 흐름상 가장 어색한 문장은?;;../fake-data/blob/9급지방직/english/2022.6.18-example/14.txt
1522;15;다음 글의 내용과 일치하지 않는 것을 고르시오.;① Christopher Nolan은 뇌 손상을 갖고 태어났다. ② Christopher Nolan은 음식을 삼키는 것도 어려웠다. ③ Christopher Nolan은 청각 장애로 인해 들을 수 없었다. ④ Christopher Nolan은 10대일 때 책을 썼다.;../fake-data/blob/9급지방직/english/2022.6.18-example/15.txt
1522;16;다음 글의 내용과 일치하지 않는 것을 고르시오.;① Children are frequently named after saints in many Catholic countries. ② Some African children are not named until they turn five years old. ③ Changing one’s name is totally unacceptable in the culture of Australian aborigines. ④ Various cultures name their children in different ways;../fake-data/blob/9급지방직/english/2022.6.18-example/16.txt
1522;17;다음 글의 요지로 가장 적절한 것은?;① People are more likely to help those who dress like themselves. ② Dressing up formally increases the chance of signing the petition. ③ Making a phone call is an efficient way to socialize with other students. ④ Some college students in the early 1970s were admired for their unique fashion.;../fake-data/blob/9급지방직/english/2022.6.18-example/17.txt
1522;18;(A)와 (B)에 들어갈 말로 가장 적절한 것은?;① For example Conversely ② Nonetheless Furthermore ③ Therefore As a result ④ In the same way Thus;../fake-data/blob/9급지방직/english/2022.6.18-example/18.txt
1522;19;밑줄 친 부분에 들어갈 말로 가장 적절한 것을 고르시오.;① beyond glittering generalities ② just plain folks like ourselves ③ something different from others ④ better educated than the crowd;../fake-data/blob/9급지방직/english/2022.6.18-example/19.txt
1522;20;밑줄 친 부분에 들어갈 말로 가장 적절한 것을 고르시오.;① gravity ② friction ③ vacuum ④ acceleration;../fake-data/blob/9급지방직/english/2022.6.18-example/20.txt
1500;1;밑줄 친 ‘주먹도끼’가 사용된 시대에 대한 설명으로 옳은 것은?;① 동굴이나 바위 그늘, 강가의 막집 등에서 살았다. ② 내부에 화덕이 있는 움집이 일반적인 주거 형태였다. ③ 토기를 만들어 음식을 조리하거나 식량을 저장하였다. ④ 구릉에 마을을 형성하고 그 주변에 도랑을 파고 목책을 둘렀다.;../fake-data/blob/9급지방직/history/2023.6.10-example/01.txt
1500;2;(가) 군사 조직에 대한 설명으로 옳은 것은?;① 포수, 사수, 살수의 삼수병으로 편제되었다. ② 윤관의 건의로 편성된 기병 중심의 부대였다. ③ 도적을 잡기 위해 설치한 야별초에서 시작되었다. ④ 양계 지방에서 국경 지역 방어를 맡았던 상비적인 전투부대였다.;../fake-data/blob/9급지방직/history/2023.6.10-example/02.txt
1500;3;다음과 같은 주장을 한 인물은?;① 박규수 ② 최익현 ③ 김홍집 ④ 김윤식;../fake-data/blob/9급지방직/history/2023.6.10-example/03.txt
1500;4;다음에서 설명하는 신문은?;① 제국신문 ② 독립신문 ③ 한성순보 ④ 황성신문;../fake-data/blob/9급지방직/history/2023.6.10-example/04.txt
1500;5;(가), (나)에 들어갈 왕의 업적으로 옳은 것은?;① (가) － 국호를 남부여로 바꾸었다. ② (가) － 동진으로부터 불교를 받아들여 공인하였다. ③ (나) － 화랑도를 국가적 조직으로 개편하였다. ④ (나) － 병부를 처음으로 설치하여 군권을 장악하였다.;../fake-data/blob/9급지방직/history/2023.6.10-example/05.txt
1500;6;다음 문화재와 이를 통해 알 수 있는 내용의 연결이 옳지 않은 것은?;① 사택지적비 － 백제가 영산강 유역까지 영역을 확장하였다. ② 임신서기석 － 신라에서 청년들이 유교 경전을 공부하였다. ③ 충주 고구려비 －고구려가 5세기에 남한강 유역까지 진출하였다.④ 호우명 그릇 － 5세기 초 고구려와 신라가 밀접한 관계를 맺고 있었다.;../fake-data/blob/9급지방직/history/2023.6.10-example/06.txt
1500;7;밑줄 친 ‘곽재우’에 대한 설명으로 옳지 않은 것은?;① 홍의장군이라 칭하였다. ② 의령을 거점으로 봉기하였다. ③ 행주산성에서 일본군을 크게 무찔렀다. ④ 익숙한 지리를 활용한 기습 작전으로 일본군에 타격을 주었다.;../fake-data/blob/9급지방직/history/2023.6.10-example/07.txt
1500;8;다음과 같은 취지로 전개된 운동에 대한 설명으로 옳은 것은?;① 조선 형평사를 조직하였다. ② 조선 물산 장려회를 조직하였다. ③ 신사 참배 거부 운동을 전개하였다. ④ 1907년 대구에서 시작되어 전국으로 확산되었다.;../fake-data/blob/9급지방직/history/2023.6.10-example/01.txt
1500;9;(가), (나)에 들어갈 말을 바르게 연결한 것은?;① 이조 2년 ② 이조 3년 ③ 예조 2년 ④ 예조 3년;../fake-data/blob/9급지방직/history/2023.6.10-example/09.txt
1500;10;다음 원칙이 발표된 이후에 있었던 사실로 옳지 않은 것은?;① 3ㆍ15 부정선거에 대항하여 4ㆍ19 혁명이 일어났다. ② 친일파를 청산하기 위한 반민족행위처벌법 이 공포되었다. ③ 제헌 국회에서 대통령에 이승만, 부통령에 이시영을 선출하였다. ④ 임시 민주 정부 수립을 논의하기 위해 제1차 미ㆍ소 공동 위원회가 개최되었다.;../fake-data/blob/9급지방직/history/2023.6.10-example/10.txt
1500;11;밑줄 친 ‘그’에 대한 설명으로 옳은 것은?;① 이론적인 교리 공부와 실천적인 수행을 아우를 것을 주장하였다. ② 참선과 독경은 물론 노동에도 힘을 쓰자고 하면서 결사를 제창 하였다. ③ 삼국시대 이래 고승들의 전기를 정리하여 해동고승전을 편찬 하였다. ④ 백련사를 결성하여 극락왕생을 기원하는 참회와 염불 수행을 강조하였다.;../fake-data/blob/9급지방직/history/2023.6.10-example/11.txt
1500;12;(가) 시기에 있었던 사실로 옳지 않은 것은?;① 인조반정이 발생하였다. ② 영창 대군이 사망하였다. ③ 강홍립이 후금에 항복하였다. ④ 청에 인질로 끌려갔던 봉림 대군이 귀국하였다.;../fake-data/blob/9급지방직/history/2023.6.10-example/12.txt
1500;13;여름 휴가를 맞아 강화도로 답사 여행을 떠나고자 한다. 다음 중 유적(지)과 주제의 연결이 옳지 않은 것은?;① 외규장각 - 동학 농민 운동 ② 고려궁지 - 대몽 항쟁 ③ 고인돌 - 청동기 문화 ④ 광성보 - 신미양요;../fake-data/blob/9급지방직/history/2023.6.10-example/13.txt
1500;14;조선시대 붕당의 상황에 대한 설명으로 옳지 않은 것은?;① 선조 대 － 사림이 동인과 서인으로 분열하였다. ② 광해군 대 － 북인이 집권하였다. ③ 인조 대 － 남인이 정권을 독점하였다. ④ 숙종 대 － 서인이 노론과 소론으로 갈라졌다.;../fake-data/blob/9급지방직/history/2023.6.10-example/14.txt
1500;15;조선 세종 대에 있었던 사실로 옳지 않은 것은?;① 갑인자를 주조하였다. ② 화통도감을 설치하였다. ③ 역법서인 칠정산을 편찬하였다. ④ 간의를 만들어 천체를 관측하였다.;../fake-data/blob/9급지방직/history/2023.6.10-example/15.txt
1500;16;다음과 같은 강령을 발표한 단체의 활동으로 옳은 것은?;① 조선 민립 대학 기성회를 창립하였다. ② 파리 강화 회의에 대표를 파견하였다. ③ 6ㆍ10 만세 운동을 사전에 계획하였다. ④ 광주 학생 항일 운동이 일어나자 조사단을 파견하였다.;../fake-data/blob/9급지방직/history/2023.6.10-example/16.txt
1500;17;다음 글을 쓴 인물에 대한 설명으로 옳은 것은?;① 사실의 기록보다 평가를 강조한 강목체 사서를 편찬하였다. ② 단군부터 고려 충렬왕 때까지의 역사를 서사시로 기록하였다. ③ 단군신화와 전설 등 민간에서 전승되는 자료를 광범위하게 수록 하였다. ④ 김부식의 삼국사기에 동명왕의 신이한 사적이 생략되어 있다고 평하였다;../fake-data/blob/9급지방직/history/2023.6.10-example/17.txt
1500;18;1910년대에 있었던 사실로 옳은 것은?;① 중국 화북 지방에서 조선 독립 동맹이 결성되었다. ② 만주에서 참의부, 정의부, 신민부 등 3부가 조직되었다. ③ 임병찬이 주도한 독립 의군부는 항일 운동을 전개하였다. ④ 조선 혁명군이 양세봉의 지휘 아래 영릉가에서 일본군을 격파 하였다.;../fake-data/blob/9급지방직/history/2023.6.10-example/18.txt
1500;19;다음 주장을 한 인물에 대한 설명으로 옳은 것은?;① 민족정신으로서 조선 국혼을 강조하였다. ② 민족주의 사학을 계승하여 조선의 얼을 강조하였다. ③ 마르크스 유물 사관을 바탕으로 한국사를 연구하였다. ④ 진단 학회를 조직하여 문헌 고증을 중시하는 실증주의 사학을 정립하였다.;../fake-data/blob/9급지방직/history/2023.6.10-example/19.txt
1500;20;6ㆍ25 전쟁 중 있었던 사실로 옳지 않은 것은?;① 국군과 유엔군이 인천 상륙 작전을 감행하였다. ② 대통령 직선제를 포함한 발췌 개헌안이 국회에서 통과되었다. ③ 이승만 정부가 북한 송환을 거부하는 반공 포로를 석방하였다. ④ 미국이 한반도를 미국의 태평양 지역 방위선에서 제외한다는 애치슨 선언을 발표하였다.;../fake-data/blob/9급지방직/history/2023.6.10-example/20.txt
1501;1;밑줄 친 ‘그’에 대한 설명으로 옳은 것은?;① 살수에서 수의 군대를 물리쳤다. ② 김춘추의 신라 왕위 계승을 지원하였다. ③ 청해진을 설치하고 해상 무역을 전개하였다. ④ 대가야를 정벌하여 낙동강 유역을 확보하였다.;../fake-data/blob/9급지방직/history/2022.6.18-example/01.txt
1501;2;다음 사건이 있었던 시기의 신라 국왕에 대한 설명으로 옳은 것은?;① 독서삼품과를 실시하였다. ② 국호를 ‘신라’로 확정하였다. ③ 관료전을 지급하고 녹읍을 폐지하였다. ④ 장문휴를 보내 당의 등주를 공격하였다. ;../fake-data/blob/9급지방직/history/2022.6.18-example/02.txt
1501;3;밑줄 친 ‘이 나라’에 대한 설명으로 옳은 것은?;① 중앙에 6좌평의 관제를 마련하였다. ② 9서당 10정의 군사 조직을 갖추었다. ③ 지방을 5경 15부 62주로 편성하였다. ④ 제가회의에서 국가의 중대사를 결정하였다.;../fake-data/blob/9급지방직/history/2022.6.18-example/03.txt
1501;4;밑줄 친 ‘왕’의 업적으로 옳은 것은?;① 공법을 제정하였다. ② 한양으로 도읍을 옮겼다. ③ 경국대전을 완성하였다. ④ 조광조를 등용하여 개혁 정치를 실시하였다.;../fake-data/blob/9급지방직/history/2022.6.18-example/04.txt
1501;5;밑줄 친 ‘이들’에 해당하는 것은?;① 향리 ② 노비 ③ 서얼 ④ 백정;../fake-data/blob/9급지방직/history/2022.6.18-example/05.txt
1501;6;밑줄 친 ‘왕’의 재위 기간에 있었던 일로 옳은 것은?;① 노비안검법을 제정하였다. ② 전민변정도감을 설치하였다. ③ 토지제도로서 전시과를 시행하였다. ④ 12목을 설치하고 지방관을 파견하였다.;../fake-data/blob/9급지방직/history/2022.6.18-example/06.txt
1501;7;다음 글은 어떤 사건이 일어났을 때 발표되었는가?;① 4․19 혁명 ② 5․18 민주화 운동 ③ 6․3 시위 ④ 6․29 민주화 선언;../fake-data/blob/9급지방직/history/2022.6.18-example/07.txt
1501;8;밑줄 친 ‘이 시기’에 있었던 사실로 옳은 것은?;① 성골 출신의 국왕이 재위하였다. ② 지방 세력으로 호족이 존재하였다. ③ 풍양 조씨 등 특정 가문이 정권을 장악하였다. ④ 성리학에 투철한 사림 세력이 정국을 주도하였다.;../fake-data/blob/9급지방직/history/2022.6.18-example/08.txt
1501;9;역사서에 대한 설명으로 옳은 것만을 모두 고르면?;① ㄱ, ㄴ ② ㄱ, ㄷ ③ ㄴ, ㄹ ④ ㄷ, ㄹ;../fake-data/blob/9급지방직/history/2022.6.18-example/09.txt
1501;10;밑줄 친 ‘나’가 국왕으로 재위하던 기간에 있었던 일은?;① 장용영이 창설되었다. ② 나선정벌이 단행되었다. ③ 홍경래의 난이 발생하였다. ④ 동국문헌비고가 편찬되었다.;../fake-data/blob/9급지방직/history/2022.6.18-example/10.txt
1501;11;(가) 시기에 있었던 사실로 옳은 것은?;① 독립문이 건립되었다. ② 통감부가 설치되었다. ③ 동양 척식 주식회사가 설립되었다. ④ 임진왜란 때 소실된 경복궁이 중건되었다.;../fake-data/blob/9급지방직/history/2022.6.18-example/11.txt
1501;12;밑줄 친 ‘왕’의 재위 기간에 있었던 일로 옳은 것은?;① 이종무가 왜구의 소굴인 대마도를 정벌하였다. ② 삼별초가 반란을 일으켜 대몽 항쟁을 계속하였다. ③ 쌍성총관부를 공격해 철령 이북 지역을 수복하였다. ④ 요동 정벌을 위해 출병한 이성계가 위화도에서 회군하였다.;../fake-data/blob/9급지방직/history/2022.6.18-example/12.txt
1501;13;다음과 관련된 운동에 대한 설명으로 옳은 것은?;① 가뭄과 홍수로 인해 중단되었다.\n② 조선총독부의 회사령 에 맞서기 위해 전개되었다.\n③ 일부 사회주의자는 자본가 계급을 위한 운동이라고 비판하였다.④ 조선에 사는 일본인이 일본 자본에 대항하기 위해 일으켰다.;../fake-data/blob/9급지방직/history/2022.6.18-example/13.txt
1501;14;다음과 같은 대통령 선출 방식이 포함된 헌법의 내용으로 옳지 않은 것은?;① 대통령은 국회를 해산할 수 있다.\n② 대통령의 임기는 7년으로 하며, 중임할 수 없다.\n③ 대법원장은 대통령이 국회의 동의를 얻어 임명한다.\n④ 대통령은 국정 전반에 걸쳐 필요한 긴급조치를 할 수 있다.;../fake-data/blob/9급지방직/history/2022.6.18-example/14.txt
1501;15;다음 사건을 시기순으로 바르게 나열한 것은?;① (가) → (라) → (나) → (다) ② (나) → (다) → (가) → (라) ③ (다) → (나) → (가) → (라) ④ (라) → (다) → (가) → (나);../fake-data/blob/9급지방직/history/2022.6.18-example/15.txt
1501;16;(가) 인물에 대한 설명으로 옳은 것은?;① 묘청의 난을 진압하였다. ② 별무반의 편성을 건의하였다. ③ 목종을 폐위하고 현종을 옹립하였다. ④ 거란과 협상하여 강동 6주 지역을 고려 영토로 확보하였다.;../fake-data/blob/9급지방직/history/2022.6.18-example/16.txt
1501;17;밑줄 친 ‘저’에 대한 설명으로 옳은 것은?;① 예안향약을 만들었다. ② 동호문답 을 저술하였다. ③ 백운동서원을 건립하였다. ④ 왕자의 난 때 죽임을 당했다.;../fake-data/blob/9급지방직/history/2022.6.18-example/17.txt
1501;18;밑줄 친 ‘나’에 대한 설명으로 옳은 것만을 모두 고르면?;① ㄱ, ㄴ ② ㄱ, ㄹ ③ ㄴ, ㄷ ④ ㄷ, ㄹ;../fake-data/blob/9급지방직/history/2022.6.18-example/18.txt
1501;19;다음 조항을 포함한 법률에 대한 설명으로 옳지 않은 것은?;① 이 법률은 제헌국회에서 제정되었다. ② 이 법률은 농지개혁법이 제정된 후 제정되었다. ③ 이 법률에 의해 반민특위와 특별 재판부가 구성되었다. ④ 이 법률에 의해 친일 경력을 지닌 고위 경찰 간부가 체포되었다.;../fake-data/blob/9급지방직/history/2022.6.18-example/19.txt
1501;20;다음 글은 (가)의 부탁을 받고 (나)가 지은 것이다(가)와 (나)에 대한 설명으로 옳은 것은?;① (가)는 조선 의용대를 결성하였고, (나)는 ‘국혼’을 강조하였다.② (가)는 신흥 무관 학교를 세웠고, (나)는 형평사를 창립하였다.③ (가)는 조선 건국 동맹을 조직하였고, (나)는 식민 사학의 한국사 정체성론을 반박하였다.④\n (가)는 황포 군관 학교에서 훈련받았고, (나)는 민족주의 역사 서술의 기본 틀을 제시하였다.;../fake-data/blob/9급지방직/history/2022.6.18-example/20.txt